event_id,event,year,runner,time,race_score,distance_km,elevation_gain_m,time_precision,score_source,course_result_source,hours,race_constant,km_effort,vertical_share,predicted_score
occ_2025,OCC UTMB Mont-Blanc alternate course,2025,Judith Wyder,05:38:22,845,61.0,3400,second,https://itra.run/en/109/news/itra-awards-2025,https://www.irunfar.com/2025-occ-results,5.639444444444444,4765.330555555555,95.0,0.35789473684210527,846.860856450864
wmtrc_2023_long,WMTRC Innsbruck-Stubai Long Trail,2023,Andreas Reiterer,10:00:46,925,86.9,6500,second,https://itra.run/content/news/EN%20-%20WMTRC%20Trail%20Long.pdf,https://itra.run/content/news/EN%20-%20WMTRC%20Trail%20Long.pdf,10.012777777777778,9261.819444444445,151.9,0.4279131007241606,928.4405905620424
wmtrc_2023_long,WMTRC Innsbruck-Stubai Long Trail,2023,Peter Frano,10:02:10,923,86.9,6500,second,https://itra.run/content/news/EN%20-%20WMTRC%20Trail%20Long.pdf,https://itra.run/content/news/EN%20-%20WMTRC%20Trail%20Long.pdf,10.036111111111111,9263.330555555556,151.9,0.4279131007241606,926.9127709738476
wmtrc_2023_long,WMTRC Innsbruck-Stubai Long Trail,2023,Thibaut Garrivier,10:14:49,904,86.9,6500,second,https://itra.run/content/news/EN%20-%20WMTRC%20Trail%20Long.pdf,https://itra.run/content/news/EN%20-%20WMTRC%20Trail%20Long.pdf,10.246944444444443,9263.237777777777,151.9,0.4279131007241606,913.2667215947201
wmtrc_2023_long,WMTRC Innsbruck-Stubai Long Trail,2023,Drew Holmen,10:15:40,903,86.9,6500,second,https://itra.run/content/news/EN%20-%20WMTRC%20Trail%20Long.pdf,https://itra.run/content/news/EN%20-%20WMTRC%20Trail%20Long.pdf,10.261111111111111,9265.783333333333,151.9,0.4279131007241606,912.3598857868986
wmtrc_2023_long,WMTRC Innsbruck-Stubai Long Trail,2023,Zach Miller,10:15:45,903,86.9,6500,second,https://itra.run/content/news/EN%20-%20WMTRC%20Trail%20Long.pdf,https://itra.run/content/news/EN%20-%20WMTRC%20Trail%20Long.pdf,10.2625,9267.037499999999,151.9,0.4279131007241606,912.271047714074
wmtrc_2023_long,WMTRC Innsbruck-Stubai Long Trail,2023,Eric Lipuma,10:16:52,901,86.9,6500,second,https://itra.run/content/news/EN%20-%20WMTRC%20Trail%20Long.pdf,https://itra.run/content/news/EN%20-%20WMTRC%20Trail%20Long.pdf,10.281111111111112,9263.281111111111,151.9,0.4279131007241606,911.0817761445098
wmtrc_2023_long,WMTRC Innsbruck-Stubai Long Trail,2023,Ramon Manetsch,10:17:13,900,86.9,6500,second,https://itra.run/content/news/EN%20-%20WMTRC%20Trail%20Long.pdf,https://itra.run/content/news/EN%20-%20WMTRC%20Trail%20Long.pdf,10.286944444444444,9258.25,151.9,0.4279131007241606,910.7094624846848
wmtrc_2023_long,WMTRC Innsbruck-Stubai Long Trail,2023,Tomas Farnik,10:18:02,899,86.9,6500,second,https://itra.run/content/news/EN%20-%20WMTRC%20Trail%20Long.pdf,https://itra.run/content/news/EN%20-%20WMTRC%20Trail%20Long.pdf,10.300555555555556,9260.199444444444,151.9,0.4279131007241606,909.8415510068694
wmtrc_2023_long,WMTRC Innsbruck-Stubai Long Trail,2023,Walter Manser,10:19:19,897,86.9,6500,second,https://itra.run/content/news/EN%20-%20WMTRC%20Trail%20Long.pdf,https://itra.run/content/news/EN%20-%20WMTRC%20Trail%20Long.pdf,10.321944444444444,9258.784166666666,151.9,0.4279131007241606,908.4800045345071
wmtrc_2023_long,WMTRC Innsbruck-Stubai Long Trail,2023,Marion Delespierre,11:22:31,814,86.9,6500,second,https://itra.run/content/news/EN%20-%20WMTRC%20Trail%20Long.pdf,https://itra.run/content/news/EN%20-%20WMTRC%20Trail%20Long.pdf,11.375277777777779,9259.476111111111,151.9,0.4279131007241606,844.6994011485782
wmtrc_2023_long,WMTRC Innsbruck-Stubai Long Trail,2023,Katharina Hartmuth,11:29:14,806,86.9,6500,second,https://itra.run/content/news/EN%20-%20WMTRC%20Trail%20Long.pdf,https://itra.run/content/news/EN%20-%20WMTRC%20Trail%20Long.pdf,11.487222222222222,9258.701111111111,151.9,0.4279131007241606,838.2715220570065
wmtrc_2023_long,WMTRC Innsbruck-Stubai Long Trail,2023,Manon Bohard Cailler,11:34:22,800,86.9,6500,second,https://itra.run/content/news/EN%20-%20WMTRC%20Trail%20Long.pdf,https://itra.run/content/news/EN%20-%20WMTRC%20Trail%20Long.pdf,11.572777777777777,9258.22222222222,151.9,0.4279131007241606,833.4009911128269
wmtrc_2023_long,WMTRC Innsbruck-Stubai Long Trail,2023,Martina Valmassoi,11:44:50,788,86.9,6500,second,https://itra.run/content/news/EN%20-%20WMTRC%20Trail%20Long.pdf,https://itra.run/content/news/EN%20-%20WMTRC%20Trail%20Long.pdf,11.747222222222222,9256.81111111111,151.9,0.4279131007241606,823.5807511718339
wmtrc_2023_long,WMTRC Innsbruck-Stubai Long Trail,2023,Rosanna Buchauer,11:45:58,787,86.9,6500,second,https://itra.run/content/news/EN%20-%20WMTRC%20Trail%20Long.pdf,https://itra.run/content/news/EN%20-%20WMTRC%20Trail%20Long.pdf,11.766111111111112,9259.929444444446,151.9,0.4279131007241606,822.5261756022874
wmtrc_2023_long,WMTRC Innsbruck-Stubai Long Trail,2023,Allison Baca,11:56:21,776,86.9,6500,second,https://itra.run/content/news/EN%20-%20WMTRC%20Trail%20Long.pdf,https://itra.run/content/news/EN%20-%20WMTRC%20Trail%20Long.pdf,11.939166666666667,9264.793333333333,151.9,0.4279131007241606,812.9424666994726
wmtrc_2023_long,WMTRC Innsbruck-Stubai Long Trail,2023,Emily Schmitz,11:58:31,773,86.9,6500,second,https://itra.run/content/news/EN%20-%20WMTRC%20Trail%20Long.pdf,https://itra.run/content/news/EN%20-%20WMTRC%20Trail%20Long.pdf,11.975277777777778,9256.889722222222,151.9,0.4279131007241606,810.9601808224467
wmtrc_2023_long,WMTRC Innsbruck-Stubai Long Trail,2023,Mari Klakegg Fenre,12:00:57,771,86.9,6500,second,https://itra.run/content/news/EN%20-%20WMTRC%20Trail%20Long.pdf,https://itra.run/content/news/EN%20-%20WMTRC%20Trail%20Long.pdf,12.015833333333333,9264.2075,151.9,0.4279131007241606,808.7410351691577
wmtrc_2023_long,WMTRC Innsbruck-Stubai Long Trail,2023,Akiyama Honoka,12:01:23,770,86.9,6500,second,https://itra.run/content/news/EN%20-%20WMTRC%20Trail%20Long.pdf,https://itra.run/content/news/EN%20-%20WMTRC%20Trail%20Long.pdf,12.023055555555556,9257.752777777778,151.9,0.4279131007241606,808.3466306599112
wmtrc_2023_long,WMTRC Innsbruck-Stubai Long Trail,2023,Audrey Tanguy,12:01:30,770,86.9,6500,second,https://itra.run/content/news/EN%20-%20WMTRC%20Trail%20Long.pdf,https://itra.run/content/news/EN%20-%20WMTRC%20Trail%20Long.pdf,12.025,9259.25,151.9,0.4279131007241606,808.2404853095029
wmtrc_2023_short,WMTRC Innsbruck-Stubai Short Trail,2023,Thomas Roach,04:21:00,935,45.0,3121,minute,https://itra.run/content/news/EN%20-%20WMTRC%20Trail%20Short.pdf,https://itra.run/content/news/EN%20-%20WMTRC%20Trail%20Short.pdf,4.35,4067.2499999999995,76.21000000000001,0.4095263088833486,937.9508974101598
wmtrc_2023_short,WMTRC Innsbruck-Stubai Short Trail,2023,Luca Del Pero,04:22:00,932,45.0,3121,minute,https://itra.run/content/news/EN%20-%20WMTRC%20Trail%20Short.pdf,https://itra.run/content/news/EN%20-%20WMTRC%20Trail%20Short.pdf,4.366666666666666,4069.733333333333,76.21000000000001,0.4095263088833486,935.4408366072728
wmtrc_2023_short,WMTRC Innsbruck-Stubai Short Trail,2023,Thibaut Baronian,04:25:00,920,45.0,3121,minute,https://itra.run/content/news/EN%20-%20WMTRC%20Trail%20Short.pdf,https://itra.run/content/news/EN%20-%20WMTRC%20Trail%20Short.pdf,4.416666666666667,4063.3333333333335,76.21000000000001,0.4095263088833486,927.967737665904
wmtrc_2023_short,WMTRC Innsbruck-Stubai Short Trail,2023,Jonathan Albon,04:26:00,915,45.0,3121,minute,https://itra.run/content/news/EN%20-%20WMTRC%20Trail%20Short.pdf,https://itra.run/content/news/EN%20-%20WMTRC%20Trail%20Short.pdf,4.433333333333334,4056.5,76.21000000000001,0.4095263088833486,925.4954933117261
wmtrc_2023_short,WMTRC Innsbruck-Stubai Short Trail,2023,Francesco Puppi,04:28:00,911,45.0,3121,minute,https://itra.run/content/news/EN%20-%20WMTRC%20Trail%20Short.pdf,https://itra.run/content/news/EN%20-%20WMTRC%20Trail%20Short.pdf,4.466666666666667,4069.1333333333337,76.21000000000001,0.4095263088833486,920.5787654526082
wmtrc_2023_short,WMTRC Innsbruck-Stubai Short Trail,2023,Andrzej Witek,04:29:00,907,45.0,3121,minute,https://itra.run/content/news/EN%20-%20WMTRC%20Trail%20Short.pdf,https://itra.run/content/news/EN%20-%20WMTRC%20Trail%20Short.pdf,4.483333333333333,4066.383333333333,76.21000000000001,0.4095263088833486,918.1341440045975
wmtrc_2023_short,WMTRC Innsbruck-Stubai Short Trail,2023,Kristian Jones,04:30:00,903,45.0,3121,minute,https://itra.run/content/news/EN%20-%20WMTRC%20Trail%20Short.pdf,https://itra.run/content/news/EN%20-%20WMTRC%20Trail%20Short.pdf,4.5,4063.5,76.21000000000001,0.4095263088833486,915.6985935290105
wmtrc_2023_short,WMTRC Innsbruck-Stubai Short Trail,2023,Frederic Tranchand,04:31:00,901,45.0,3121,minute,https://itra.run/content/news/EN%20-%20WMTRC%20Trail%20Short.pdf,https://itra.run/content/news/EN%20-%20WMTRC%20Trail%20Short.pdf,4.516666666666667,4069.5166666666664,76.21000000000001,0.4095263088833486,913.2720469574293
wmtrc_2023_short,WMTRC Innsbruck-Stubai Short Trail,2023,Benedikt Hoffmann,04:32:00,897,45.0,3121,minute,https://itra.run/content/news/EN%20-%20WMTRC%20Trail%20Short.pdf,https://itra.run/content/news/EN%20-%20WMTRC%20Trail%20Short.pdf,4.533333333333333,4066.4,76.21000000000001,0.4095263088833486,910.8544379625268
wmtrc_2023_short,WMTRC Innsbruck-Stubai Short Trail,2023,Clementine Geoffray,04:53:00,833,45.0,3121,minute,https://itra.run/content/news/EN%20-%20WMTRC%20Trail%20Short.pdf,https://itra.run/content/news/EN%20-%20WMTRC%20Trail%20Short.pdf,4.883333333333333,4067.816666666666,76.21000000000001,0.4095263088833486,862.0390936895875
wmtrc_2023_short,WMTRC Innsbruck-Stubai Short Trail,2023,Judith Wyder,04:55:00,827,45.0,3121,minute,https://itra.run/content/news/EN%20-%20WMTRC%20Trail%20Short.pdf,https://itra.run/content/news/EN%20-%20WMTRC%20Trail%20Short.pdf,4.916666666666667,4066.0833333333335,76.21000000000001,0.4095263088833486,857.573905721181
wmtrc_2023_short,WMTRC Innsbruck-Stubai Short Trail,2023,Theres Leboeuf,05:09:00,789,45.0,3121,minute,https://itra.run/content/news/EN%20-%20WMTRC%20Trail%20Short.pdf,https://itra.run/content/news/EN%20-%20WMTRC%20Trail%20Short.pdf,5.15,4063.3500000000004,76.21000000000001,0.4095263088833486,827.1402381458917
wmtrc_2023_short,WMTRC Innsbruck-Stubai Short Trail,2023,Jennifer Lichter,05:11:00,775,45.0,3121,minute,https://itra.run/content/news/EN%20-%20WMTRC%20Trail%20Short.pdf,https://itra.run/content/news/EN%20-%20WMTRC%20Trail%20Short.pdf,5.183333333333334,4017.0833333333335,76.21000000000001,0.4095263088833486,822.905513134263
wmtrc_2023_short,WMTRC Innsbruck-Stubai Short Trail,2023,Emilia Brangfalt,05:15:00,772,45.0,3121,minute,https://itra.run/content/news/EN%20-%20WMTRC%20Trail%20Short.pdf,https://itra.run/content/news/EN%20-%20WMTRC%20Trail%20Short.pdf,5.25,4053.0,76.21000000000001,0.4095263088833486,814.5171548793315
wmtrc_2023_short,WMTRC Innsbruck-Stubai Short Trail,2023,Daniela Oemus,05:16:00,772,45.0,3121,minute,https://itra.run/content/news/EN%20-%20WMTRC%20Trail%20Short.pdf,https://itra.run/content/news/EN%20-%20WMTRC%20Trail%20Short.pdf,5.266666666666667,4065.866666666667,76.21000000000001,0.4095263088833486,812.4367090803685
wmtrc_2023_short,WMTRC Innsbruck-Stubai Short Trail,2023,Oihana Kortazar,05:18:00,766,45.0,3121,minute,https://itra.run/content/news/EN%20-%20WMTRC%20Trail%20Short.pdf,https://itra.run/content/news/EN%20-%20WMTRC%20Trail%20Short.pdf,5.3,4059.7999999999997,76.21000000000001,0.4095263088833486,808.2954959739836
wmtrc_2023_short,WMTRC Innsbruck-Stubai Short Trail,2023,Emelie Forsberg,05:18:00,766,45.0,3121,minute,https://itra.run/content/news/EN%20-%20WMTRC%20Trail%20Short.pdf,https://itra.run/content/news/EN%20-%20WMTRC%20Trail%20Short.pdf,5.3,4059.7999999999997,76.21000000000001,0.4095263088833486,808.2954959739836
wmtrc_2023_short,WMTRC Innsbruck-Stubai Short Trail,2023,EmKay Sullivan,05:19:00,764,45.0,3121,minute,https://itra.run/content/news/EN%20-%20WMTRC%20Trail%20Short.pdf,https://itra.run/content/news/EN%20-%20WMTRC%20Trail%20Short.pdf,5.316666666666666,4061.933333333333,76.21000000000001,0.4095263088833486,806.2346462431524
wmtrc_2023_short,WMTRC Innsbruck-Stubai Short Trail,2023,Louise Serban-Penhoat,05:20:00,763,45.0,3121,minute,https://itra.run/content/news/EN%20-%20WMTRC%20Trail%20Short.pdf,https://itra.run/content/news/EN%20-%20WMTRC%20Trail%20Short.pdf,5.333333333333333,4069.333333333333,76.21000000000001,0.4095263088833486,804.1802467567684
wmtrc_2025_long,WMTRC Canfranc Long Trail,2025,Katie Schide,09:57:59,836,81.2,5413,second,https://itra.run/en/109/news/itra-awards-2025,https://itra.run/content/news/NP_Long_Trail_EN.pdf,9.966388888888888,8331.90111111111,135.33,0.3999852213108697,872.1730714807429
